#!,Workbook:,Custom,Custom
#!,Deze gegevens afspelen: open het oorspronkelijke Excel-werkmapbestand, klik op de knop *Gegevensbestand importeren* op het lint *Data Streamer* en navigeer naar dit bestand.,
#!,Ga naar http://aka.ms/hackingstem/ voor meer informatie,,
19426,36448,,
19409,36472,,
19414,36473,,
19434,36491,,
19421,36487,,
19421,36484,,
19413,36450,,
19407,36471,,
19404,36469,,
19454,36509,,
19439,36507,,
19432,36501,,
19492,36588,,
19488,36565,,
19480,36556,,
19417,36515,,
19419,36493,,
19416,36480,,
19426,36499,,
19416,36486,,
19408,36478,,
19396,36406,,
19376,36435,,
19378,36435,,
19357,36429,,
19371,36424,,
19367,36428,,
19500,36545,,
19488,36569,,
19485,36572,,
19516,36579,,
19510,36591,,
19509,36596,,
19458,36502,,
19448,36522,,
19455,36527,,
19348,36365,,
19336,36389,,
19348,36399,,
19420,36492,,
19430,36499,,
19432,36513,,
19418,36451,,
19416,36482,,
19407,36479,,
19424,36457,,
19403,36470,,
19401,36471,,
19399,36465,,
19403,36465,,
19407,36473,,
19416,36504,,
19424,36492,,
19430,36497,,
19384,36461,,
19397,36456,,
19394,36454,,
19339,36410,,
19352,36403,,
19361,36412,,
19265,36338,,
19306,36355,,
19322,36362,,
19368,36428,,
19377,36433,,
19390,36444,,
19419,36516,,
19444,36510,,
19445,36514,,
19383,36467,,
19400,36462,,
19393,36449,,
19062,36040,,
18977,35977,,
18899,35897,,
21106,38477,,
21146,38554,,
21184,38597,,
19569,36654,,
19767,36878,,
19951,37107,,
18393,35345,,
18429,35359,,
18477,35412,,
19216,36265,,
19086,36103,,
18967,35967,,
19994,37139,,
19881,37023,,
19788,36920,,
19859,36982,,
19793,36926,,
19740,36870,,
19826,36951,,
19801,36934,,
19770,36897,,
19502,36614,,
19497,36574,,
19481,36555,,
19556,36648,,
19530,36616,,
19506,36586,,
19424,36527,,
19422,36488,,
19402,36457,,
19390,36484,,
19398,36463,,
19380,36444,,
19376,36395,,
19352,36415,,
19352,36410,,
19386,36423,,
19369,36424,,
19369,36429,,
19371,36419,,
19379,36442,,
19384,36442,,
19382,36385,,
19367,36423,,
19375,36433,,
19427,36470,,
19417,36478,,
19413,36487,,
19417,36448,,
19399,36457,,
19393,36455,,
19367,36453,,
19380,36431,,
19359,36411,,
19372,36426,,
19367,36424,,
19371,36432,,
19408,36423,,
19399,36455,,
19394,36460,,
19377,36409,,
19358,36420,,
19364,36418,,
19365,36448,,
19373,36431,,
19371,36437,,
19406,36422,,
19388,36449,,
19390,36454,,
19429,36490,,
19416,36479,,
19422,36487,,
19408,36417,,
19396,36452,,
19401,36460,,
19420,36495,,
19438,36509,,
19441,36519,,
19425,36505,,
19433,36502,,
19426,36495,,
19416,36467,,
19418,36482,,
19428,36492,,
19375,36393,,
19379,36430,,
19392,36447,,
19413,36497,,
19436,36503,,
19460,36535,,
19538,36646,,
19558,36649,,
19558,36648,,
19480,36550,,
19477,36549,,
19478,36552,,
19381,36465,,
19389,36447,,
19384,36448,,
19384,36455,,
19396,36464,,
19398,36469,,
19364,36399,,
19358,36419,,
19362,36410,,
19396,36422,,
19378,36436,,
19387,36444,,
19396,36474,,
19410,36481,,
19422,36487,,
19392,36395,,
19377,36434,,
19380,36432,,
19388,36436,,
19382,36436,,
19384,36436,,
19371,36457,,
19386,36441,,
19387,36440,,
19365,36437,,
19390,36445,,
19387,36447,,
19370,36372,,
19359,36416,,
19359,36407,,
19320,36364,,
19314,36365,,
19319,36370,,
19340,36342,,
19324,36377,,
19336,36385,,
19387,36437,,
19389,36442,,
19391,36453,,
19351,36442,,
19365,36434,,
19372,36440,,
19373,36435,,
19378,36428,,
19365,36418,,
19347,36360,,
19321,36378,,
19323,36369,,
19309,36368,,
19316,36357,,
19320,36366,,
19359,36367,,
19350,36395,,
19356,36407,,
19361,36411,,
19355,36412,,
19368,36420,,
19373,36472,,
19400,36462,,
19401,36462,,
19380,36421,,
19383,36440,,
19374,36426,,
19373,36384,,
19355,36408,,
19358,36413,,
19420,36487,,
19426,36484,,
19439,36498,,
19390,36406,,
19383,36443,,
19384,36440,,
19383,36437,,
19384,36436,,
19376,36431,,
19324,36410,,
19337,36388,,
19337,36395,,
19366,36417,,
19375,36426,,
19372,36427,,
19405,36428,,
19396,36457,,
19402,36455,,
19386,36467,,
19394,36458,,
19398,36460,,
19332,36342,,
19305,36350,,
19304,36346,,
19320,36380,,
19332,36385,,
19339,36380,,
19368,36387,,
19361,36426,,
19371,36431,,
19437,36476,,
19441,36512,,
19449,36521,,
19452,36497,,
19431,36493,,
19429,36492,,
19396,36467,,
19384,36439,,
19376,36431,,
19364,36379,,
19347,36395,,
19339,36394,,
19371,36422,,
19367,36416,,
19383,36439,,
19369,36459,,
19396,36446,,
19396,36464,,
19353,36433,,
19376,36431,,
19389,36449,,
19399,36435,,
19392,36452,,
19402,36456,,
19388,36419,,
19375,36422,,
19371,36422,,
19352,36423,,
19359,36408,,
19351,36407,,
19380,36409,,
19367,36420,,
19371,36425,,
19448,36496,,
19450,36509,,
19447,36513,,
19357,36439,,
19365,36422,,
19362,36424,,
19323,36375,,
19328,36381,,
19322,36375,,
19367,36383,,
19347,36401,,
19342,36385,,
19354,36396,,
19345,36393,,
19344,36392,,
19386,36401,,
19370,36423,,
19373,36424,,
19366,36435,,
19380,36441,,
19387,36443,,
19386,36435,,
19382,36435,,
19385,36441,,
19370,36460,,
19370,36422,,
19387,36442,,
19367,36434,,
19378,36434,,
19381,36436,,
19408,36450,,
19414,36474,,
19405,36468,,
19455,36478,,
19437,36504,,
19434,36509,,
19449,36515,,
19435,36499,,
19434,36499,,
19458,36484,,
19445,36521,,
19426,36489,,
19444,36478,,
19427,36493,,
19417,36487,,
19412,36487,,
19417,36469,,
19406,36465,,
19360,36443,,
19377,36433,,
19366,36429,,
19367,36390,,
19360,36405,,
19355,36405,,
19414,36426,,
19401,36455,,
19413,36468,,
19402,36449,,
19394,36457,,
19394,36446,,
19418,36432,,
19387,36451,,
19378,36442,,
19357,36417,,
19365,36419,,
19357,36410,,
19310,36382,,
19315,36357,,
19323,36374,,
19298,36366,,
19326,36367,,
19336,36381,,
19358,36374,,
19349,36401,,
19353,36400,,
19363,36379,,
19342,36393,,
19339,36387,,
19369,36434,,
19376,36426,,
19368,36417,,
19363,36445,,
19370,36421,,
19368,36431,,
19332,36384,,
19326,36366,,
19298,36339,,
19297,36379,,
19312,36351,,
19311,36344,,
19290,36316,,
19287,36325,,
19302,36344,,
19430,36445,,
19414,36477,,
19421,36483,,
19387,36432,,
19384,36438,,
19372,36421,,
19329,36407,,
19344,36388,,
19330,36379,,
19346,36396,,
19356,36408,,
19351,36404,,
19367,36447,,
19378,36425,,
19369,36421,,
19377,36417,,
19360,36418,,
19365,36411,,
19335,36412,,
19344,36404,,
19357,36404,,
19305,36318,,
19298,36330,,
19303,36333,,
19371,36436,,
19375,36415,,
19374,36432,,
19402,36429,,
19389,36440,,
19382,36438,,
19375,36422,,
19385,36437,,
19386,36441,,
19394,36392,,
19360,36409,,
19357,36404,,
19355,36388,,
19342,36382,,
19340,36392,,
19356,36376,,
19352,36399,,
19358,36395,,
19346,36426,,
19372,36418,,
19372,36423,,
19371,36422,,
19369,36421,,
19367,36417,,
19361,36435,,
19366,36416,,
19367,36422,,
19345,36419,,
19366,36420,,
19367,36410,,
19347,36388,,
19355,36411,,
19357,36409,,
19375,36386,,
19368,36416,,
19370,36415,,
19330,36410,,
19368,36423,,
19367,36401,,
19368,36380,,
19368,36412,,
19368,36411,,
19376,36403,,
19367,36416,,
19371,36421,,
19363,36434,,
19361,36418,,
19361,36410,,
19359,36366,,
19331,36379,,
19333,36376,,
19369,36420,,
19367,36416,,
19364,36418,,
19379,36463,,
19394,36451,,
19407,36463,,
19399,36453,,
19396,36447,,
19396,36459,,
19370,36457,,
19391,36447,,
19401,36446,,
19316,36349,,
19314,36353,,
19327,36357,,
19379,36391,,
19361,36412,,
19364,36405,,
19397,36416,,
19379,36432,,
19385,36430,,
19387,36422,,
19390,36439,,
19389,36435,,
19424,36445,,
19403,36467,,
19400,36461,,
19401,36446,,
19401,36461,,
19387,36439,,
19365,36445,,
19379,36429,,
19362,36395,,
19393,36406,,
19371,36418,,
19378,36422,,
19350,36399,,
19336,36387,,
19328,36373,,
19301,36363,,
19312,36354,,
19314,36355,,
19318,36385,,
19340,36390,,
19343,36388,,
19394,36416,,
19382,36435,,
19379,36432,,
19382,36383,,
19365,36415,,
19358,36407,,
19345,36382,,
19337,36393,,
19349,36391,,
19360,36360,,
19358,36398,,
19356,36394,,
19348,36427,,
19370,36423,,
19371,36413,,
19371,36429,,
19364,36419,,
19362,36415,,
19325,36404,,
19342,36390,,
19344,36388,,
19334,36392,,
19341,36384,,
19341,36389,,
19336,36402,,
19361,36408,,
19359,36406,,
19352,36366,,
19342,36386,,
19351,36396,,
19353,36431,,
19372,36427,,
19381,36439,,
19416,36511,,
19435,36500,,
19452,36510,,
19470,36532,,
19461,36529,,
19445,36501,,
19432,36456,,
19407,36466,,
19399,36455,,
19374,36461,,
19385,36434,,
19370,36418,,
19350,36359,,
19344,36386,,
19339,36386,,
19393,36476,,
19405,36457,,
19401,36448,,
19370,36447,,
19374,36424,,
19364,36417,,
19324,36384,,
19341,36383,,
19335,36377,,
19381,36377,,
19362,36411,,
19354,36404,,
19357,36400,,
19353,36408,,
19371,36413,,
19359,36366,,
19354,36395,,
19359,36409,,
19354,36390,,
19359,36404,,
19354,36401,,
19339,36421,,
19362,36404,,
19365,36412,,
19360,36399,,
19366,36414,,
19365,36410,,
19397,36411,,
19381,36426,,
19378,36424,,
19376,36429,,
19380,36443,,
19381,36432,,
19396,36406,,
19378,36434,,
19375,36429,,
19368,36423,,
19367,36419,,
19370,36416,,
19336,36417,,
19358,36411,,
19367,36416,,
19371,36423,,
19367,36416,,
19373,36420,,
19371,36381,,
19356,36404,,
19357,36401,,
19361,36416,,
19358,36405,,
19360,36416,,
19372,36382,,
19358,36400,,
19353,36399,,
19360,36437,,
19363,36411,,
19367,36407,,
19343,36419,,
19365,36408,,
19363,36412,,
19346,36415,,
19362,36398,,
19356,36405,,
19388,36457,,
19385,36437,,
19390,36437,,
19373,36398,,
19349,36397,,
19352,36396,,
19343,36429,,
19366,36415,,
19370,36408,,
19375,36410,,
19369,36414,,
19371,36420,,
19381,36392,,
19363,36416,,
19371,36417,,
19378,36401,,
19372,36425,,
19370,36419,,
19318,36387,,
19343,36385,,
19341,36383,,
19336,36401,,
19347,36390,,
19341,36391,,
19340,36374,,
19319,36365,,
19326,36367,,
19356,36361,,
19341,36379,,
19347,36383,,
19370,36401,,
19364,36411,,
19362,36406,,
19402,36407,,
19374,36433,,
19375,36428,,
19370,36419,,
19372,36414,,
19370,36410,,
19347,36415,,
19357,36401,,
19357,36398,,
19336,36398,,
19340,36381,,
19341,36381,,
19348,36413,,
19370,36423,,
19374,36414,,
19387,36401,,
19372,36421,,
19374,36427,,
19373,36414,,
19354,36404,,
19355,36400,,
19340,36431,,
19360,36400,,
19359,36403,,
19341,36393,,
19359,36404,,
19365,36399,,
19365,36377,,
19345,36389,,
19349,36395,,
19394,36407,,
19371,36414,,
19370,36422,,
19350,36427,,
19366,36410,,
19366,36408,,
19374,36393,,
19367,36406,,
19360,36416,,
19361,36403,,
19360,36406,,
19358,36402,,
19391,36413,,
19382,36427,,
19374,36429,,
19368,36445,,
19377,36434,,
19374,36427,,
19372,36392,,
19362,36410,,
19359,36410,,
19372,36402,,
19359,36402,,
19361,36405,,
19362,36374,,
19350,36405,,
19359,36397,,
19374,36380,,
19356,36392,,
19357,36412,,
19380,36386,,
19370,36412,,
19364,36411,,
19360,36428,,
19363,36419,,
19364,36418,,
19367,36427,,
19370,36408,,
19375,36422,,
19355,36404,,
19368,36425,,
19370,36421,,
19340,36399,,
19358,36405,,
19367,36412,,
19339,36414,,
19357,36401,,
19361,36401,,
19363,36431,,
19368,36423,,
19373,36422,,
19338,36413,,
19334,36376,,
19337,36374,,
19389,36454,,
19403,36449,,
19396,36450,,
19357,36401,,
19350,36383,,
19339,36385,,
19341,36359,,
19326,36366,,
19325,36367,,
19362,36372,,
19353,36394,,
19350,36399,,
19357,36420,,
19375,36428,,
19379,36425,,
19358,36400,,
19359,36404,,
19363,36409,,
19320,36398,,
19336,36378,,
19336,36377,,
19364,36366,,
19349,36393,,
19359,36397,,
19334,36398,,
19338,36380,,
19346,36391,,
19387,36443,,
19379,36426,,
19372,36422,,
19369,36419,,
19343,36391,,
19357,36394,,
19340,36384,,
19346,36392,,
19350,36391,,
19351,36398,,
19362,36409,,
19377,36420,,
19336,36410,,
19369,36410,,
19374,36429,,
19348,36423,,
19374,36425,,
19384,36425,,
19342,36423,,
19372,36418,,
19366,36405,,
19347,36360,,
19331,36357,,
19317,36354,,
19357,36428,,
19380,36425,,
19385,36436,,
19357,36427,,
19359,36395,,
19343,36386,,
19298,36362,,
19308,36345,,
19305,36347,,
19362,36370,,
19356,36400,,
19372,36422,,
19446,36465,,
19453,36520,,
19479,36541,,
19215,36249,,
19278,36299,,
19299,36327,,
19385,36420,,
19404,36446,,
19416,36465,,
19415,36458,,
19414,36474,,
19431,36488,,
19420,36494,,
19435,36494,,
19435,36489,,
19430,36447,,
19405,36457,,
19384,36437,,
19387,36394,,
19366,36411,,
19350,36393,,
19341,36411,,
19353,36397,,
19352,36401,,
19400,36414,,
19386,36444,,
19387,36439,,
19388,36404,,
19389,36437,,
19387,36439,,
19376,36390,,
19373,36423,,
19372,36415,,
19399,36417,,
19395,36440,,
19392,36439,,
19405,36473,,
19400,36456,,
19399,36451,,
19417,36469,,
19422,36466,,
19415,36469,,
19392,36443,,
19399,36449,,
19399,36448,,
19378,36407,,
19367,36405,,
19365,36404,,
19347,36379,,
19347,36395,,
19345,36390,,
19375,36433,,
19373,36415,,
19373,36421,,
19376,36415,,
19382,36436,,
19374,36420,,
19380,36415,,
19358,36401,,
19360,36402,,
19379,36420,,
19367,36419,,
19371,36426,,
19341,36412,,
19357,36412,,
19360,36408,,
19388,36397,,
19380,36424,,
19377,36429,,
19407,36420,,
19390,36447,,
19390,36446,,
19395,36391,,
19371,36406,,
19359,36404,,
19375,36379,,
19362,36411,,
19365,36418,,
19386,36384,,
19382,36425,,
19384,36427,,
19409,36420,,
19388,36439,,
19390,36439,,
19374,36446,,
19385,36429,,
19372,36420,,
19378,36390,,
19363,36415,,
19367,36417,,
19381,36383,,
19369,36408,,
19375,36422,,
19371,36392,,
19372,36418,,
19363,36408,,
19363,36387,,
19358,36405,,
19359,36402,,
19346,36382,,
19347,36389,,
19347,36390,,
19349,36430,,
19372,36411,,
19373,36415,,
19351,36433,,
19361,36414,,
19361,36407,,
19345,36393,,
19358,36404,,
19347,36398,,
19366,36369,,
19359,36398,,
19357,36402,,
19384,36427,,
19382,36436,,
19378,36427,,
19392,36416,,
19381,36425,,
19365,36424,,
19342,36377,,
19342,36394,,
19354,36395,,
19317,36377,,
19334,36387,,
19344,36388,,
19379,36408,,
19377,36426,,
19374,36422,,
19377,36389,,
19364,36409,,
19357,36402,,
19359,36394,,
19360,36409,,
19365,36408,,
19337,36413,,
19362,36407,,
19359,36403,,
19383,36434,,
19380,36430,,
19381,36431,,
19353,36419,,
19369,36408,,
19362,36409,,
19344,36376,,
19344,36383,,
19339,36384,,
19344,36353,,
19322,36361,,
19326,36369,,
19344,36402,,
19346,36394,,
19348,36398,,
19380,36447,,
19389,36438,,
19394,36439,,
19386,36448,,
19382,36439,,
19387,36429,,
19371,36382,,
19347,36395,,
19347,36400,,
19357,36366,,
19347,36395,,
19352,36391,,
19379,36399,,
19364,36416,,
19366,36410,,
19345,36412,,
19354,36394,,
19354,36396,,
19381,36447,,
19391,36441,,
19387,36435,,
19328,36397,,
19333,36368,,
19329,36366,,
19365,36407,,
19354,36401,,
19359,36402,,
19404,36413,,
19396,36446,,
19395,36445,,
19346,36409,,
19351,36407,,
19356,36406,,
19386,36459,,
19399,36453,,
19402,36455,,
19376,36413,,
19358,36404,,
19352,36400,,
19359,36428,,
19359,36408,,
19365,36403,,
19369,36415,,
19357,36406,,
19358,36401,,
19297,36364,,
19313,36338,,
19310,36348,,
19310,36356,,
19328,36367,,
19333,36379,,
19393,36465,,
19416,36468,,
19422,36469,,
19384,36413,,
19382,36438,,
19373,36419,,
19328,36402,,
19346,36378,,
19338,36371,,
19338,36385,,
19333,36376,,
19330,36371,,
19286,36351,,
19305,36342,,
19316,36349,,
19355,36392,,
19370,36411,,
19378,36419,,
19359,36449,,
19393,36441,,
19405,36458,,
19400,36429,,
19392,36448,,
19400,36450,,
19392,36406,,
19379,36413,,
19366,36412,,
19368,36372,,
19359,36400,,
19348,36397,,
19341,36422,,
19365,36407,,
19365,36408,,
19328,36376,,
19341,36387,,
19339,36375,,
19360,36364,,
19356,36391,,
19354,36398,,
19353,36428,,
19376,36433,,
19380,36426,,
19362,36438,,
19367,36418,,
19365,36409,,
19349,36411,,
19348,36400,,
19366,36408,,
19381,36411,,
19361,36407,,
19376,36429,,
19365,36442,,
19387,36439,,
19398,36460,,
19380,36407,,
19376,36425,,
19376,36429,,
19356,36433,,
19369,36419,,
19363,36417,,
19378,36416,,
19370,36407,,
19363,36408,,
19371,36443,,
19373,36422,,
19379,36425,,
19341,36415,,
19357,36404,,
19357,36411,,
19360,36392,,
19359,36409,,
19365,36409,,
19375,36389,,
19364,36403,,
19356,36400,,
19352,36385,,
19343,36379,,
19349,36393,,
19372,36378,,
19362,36411,,
19362,36410,,
19363,36418,,
19367,36419,,
19364,36418,,
19361,36442,,
19376,36422,,
19373,36427,,
19378,36398,,
19359,36411,,
19366,36415,,
19366,36378,,
19354,36403,,
19349,36392,,
19354,36432,,
19370,36415,,
19365,36414,,
19343,36373,,
19352,36392,,
19349,36396,,
19342,36420,,
19356,36393,,
19363,36399,,
19353,36403,,
19362,36399,,
19356,36410,,
19381,36399,,
19374,36416,,
19380,36419,,
19364,36374,,
19350,36395,,
19343,36388,,
19341,36389,,
19338,36375,,
19333,36377,,
19342,36421,,
19362,36411,,
19376,36418,,
19377,36410,,
19368,36420,,
19371,36430,,
19406,36495,,
19402,36459,,
19393,36444,,
19330,36378,,
19318,36356,,
19306,36341,,
19335,36402,,
19364,36410,,
19376,36420,,
19387,36394,,
19371,36424,,
19379,36426,,
19403,36425,,
19400,36452,,
19397,36452,,
19384,36421,,
19383,36434,,
19386,36437,,
19385,36459,,
19402,36452,,
19412,36458,,
19422,36446,,
19412,36466,,
19409,36465,,
19359,36380,,
19344,36386,,
19342,36381,,
19373,36445,,
19375,36415,,
19370,36424,,
19308,36341,,
19316,36354,,
19321,36361,,
19353,36408,,
19380,36423,,
19390,36436,,
19393,36472,,
19408,36468,,
19413,36462,,
19416,36423,,
19398,36450,,
19396,36446,,
19387,36401,,
19379,36430,,
19386,36435,,
19349,36393,,
19349,36400,,
19354,36399,,
19332,36409,,
19352,36397,,
19353,36401,,
19351,36427,,
19359,36394,,
19363,36403,,
19364,36438,,
19369,36417,,
19384,36431,,
19379,36417,,
19382,36428,,
19376,36430,,
19389,36435,,
19383,36428,,
19386,36427,,
19382,36407,,
19369,36423,,
19362,36412,,
19365,36446,,
19381,36433,,
19383,36428,,
19358,36439,,
19369,36418,,
19375,36426,,
19366,36387,,
19357,36407,,
19348,36398,,
19369,36399,,
19373,36410,,
19364,36423,,
19313,36341,,
19329,36363,,
19333,36375,,
19291,36315,,
19289,36323,,
19303,36335,,
19443,36478,,
19424,36487,,
19432,36486,,
19433,36476,,
19417,36473,,
19410,36464,,
19390,36389,,
19362,36418,,
19369,36414,,
19418,36501,,
19442,36505,,
19457,36505,,
19471,36495,,
19464,36529,,
19465,36531,,
19422,36431,,
19407,36458,,
19422,36476,,
19389,36404,,
19376,36436,,
19384,36439,,
19366,36395,,
19367,36412,,
19368,36417,,
19366,36448,,
19381,36432,,
19381,36424,,
19367,36434,,
19385,36438,,
19387,36433,,
19328,36402,,
19341,36383,,
19343,36381,,
19393,36442,,
19392,36439,,
19382,36426,,
19355,36358,,
19339,36381,,
19332,36369,,
19378,36417,,
19385,36436,,
19392,36446,,
19378,36371,,
19358,36407,,
19358,36407,,
19385,36429,,
19386,36436,,
19397,36452,,
19451,36476,,
19435,36486,,
19430,36492,,
19416,36489,,
19416,36465,,
19412,36467,,
19391,36473,,
19404,36455,,
19405,36458,,
19397,36408,,
19381,36427,,
19373,36422,,
19376,36383,,
19355,36410,,
19358,36406,,
19362,36394,,
19372,36419,,
19386,36432,,
19368,36368,,
19342,36382,,
19347,36391,,
19356,36392,,
19352,36395,,
19352,36392,,
19388,36384,,
19368,36410,,
19358,36411,,
19392,36424,,
19390,36442,,
19388,36440,,
19339,36418,,
19360,36410,,
19358,36410,,
19366,36411,,
19366,36409,,
19368,36420,,
19436,36454,,
19423,36487,,
19431,36487,,
19414,36453,,
19400,36460,,
19405,36459,,
19412,36418,,
19391,36440,,
19382,36426,,
19375,36393,,
19360,36401,,
19362,36412,,
19363,36440,,
19378,36430,,
19379,36427,,
19404,36428,,
19391,36442,,
19396,36445,,
19417,36468,,
19427,36488,,
19433,36494,,
19421,36507,,
19437,36490,,
19435,36488,,
19420,36455,,
19428,36482,,
19432,36481,,
19309,36387,,
19310,36349,,
19288,36331,,
19254,36246,,
19253,36277,,
19264,36291,,
19380,36430,,
19389,36435,,
19405,36451,,
19357,36386,,
19351,36401,,
19367,36411,,
19391,36480,,
19416,36464,,
19413,36467,,
19411,36420,,
19393,36446,,
19397,36441,,
19383,36404,,
19371,36418,,
19373,36413,,
19362,36407,,
19367,36423,,
19373,36418,,
19355,36447,,
19379,36426,,
19388,36436,,
19406,36401,,
19379,36429,,
19377,36420,,
19377,36443,,
19389,36437,,
19384,36430,,
19380,36430,,
19377,36416,,
19377,36424,,
19351,36368,,
19339,36375,,
19341,36378,,
19374,36375,,
19353,36398,,
19353,36399,,
19360,36424,,
19362,36406,,
19356,36403,,
19388,36429,,
19370,36414,,
19359,36405,,
19307,36379,,
19324,36363,,
19318,36353,,
19323,36329,,
19315,36350,,
19309,36343,,
19355,36373,,
19352,36390,,
19349,36400,,
19368,36416,,
19376,36424,,
19365,36412,,
19279,36348,,
19307,36334,,
19301,36343,,
19337,36414,,
19360,36408,,
19360,36407,,
19333,36407,,
19343,36389,,
19340,36389,,
19291,36343,,
19309,36340,,
19313,36347,,
19329,36383,,
19326,36367,,
19331,36375,,
19622,36712,,
19619,36712,,
19598,36674,,
19521,36624,,
19518,36593,,
19487,36559,,
19326,36324,,
19289,36325,,
19278,36308,,
19242,36292,,
19245,36270,,
19253,36277,,
19278,36352,,
19307,36337,,
19321,36345,,
19362,36376,,
19372,36418,,
19382,36436,,
19423,36472,,
19422,36474,,
19425,36483,,
19430,36449,,
19414,36464,,
19411,36468,,
19359,36442,,
19382,36428,,
19376,36424,,
19385,36408,,
19368,36421,,
19373,36426,,
19352,36394,,
19344,36386,,
19349,36389,,
19364,36405,,
19361,36413,,
19362,36404,,
19379,36430,,
19389,36447,,
19393,36447,,
19387,36437,,
19384,36434,,
19382,36428,,
19385,36449,,
19387,36442,,
19396,36435,,
19378,36390,,
19375,36416,,
19362,36407,,
19340,36418,,
19354,36396,,
19364,36403,,
19359,36422,,
19371,36417,,
19377,36428,,
19395,36409,,
19384,36421,,
19380,36435,,
19357,36376,,
19350,36390,,
19348,36390,,
19329,36395,,
19356,36401,,
19366,36409,,
19388,36424,,
19389,36434,,
19392,36444,,
19367,36444,,
19384,36434,,
19385,36434,,
19373,36441,,
19384,36446,,
19383,36427,,
19373,36408,,
19376,36431,,
19373,36421,,
19384,36410,,
19372,36418,,
19367,36424,,
19348,36428,,
19364,36416,,
19363,36420,,
19369,36380,,
19356,36408,,
19362,36399,,
19346,36383,,
19351,36401,,
19361,36412,,
19398,36436,,
19390,36441,,
19388,36437,,
19411,36498,,
19423,36473,,
19418,36477,,
19385,36453,,
19388,36434,,
19384,36433,,
19360,36390,,
19353,36399,,
19351,36393,,
19365,36389,,
19351,36389,,
19347,36387,,
19340,36411,,
19357,36401,,
19358,36405,,
19372,36386,,
19373,36425,,
19384,36423,,
19372,36415,,
19385,36429,,
19384,36439,,
19383,36459,,
19401,36450,,
19396,36449,,
19420,36422,,
19399,36445,,
19387,36438,,
19394,36411,,
19376,36424,,
19374,36419,,
19385,36441,,
19394,36447,,
19398,36450,,
19402,36430,,
19389,36426,,
19387,36443,,
19358,36451,,
19376,36427,,
19372,36417,,
19358,36424,,
19365,36417,,
19366,36421,,
19382,36410,,
19382,36429,,
19377,36430,,
19362,36398,,
19350,36402,,
19357,36400,,
19364,36441,,
19377,36426,,
19385,36437,,
19350,36435,,
19374,36419,,
19375,36427,,
19388,36388,,
19367,36416,,
19371,36413,,
19407,36484,,
19409,36469,,
19415,36457,,
19401,36459,,
19393,36445,,
19393,36438,,
19367,36417,,
19377,36427,,
19384,36424,,
19395,36426,,
19381,36432,,
19392,36432,,
19409,36437,,
19395,36448,,
19388,36448,,
19405,36415,,
19382,36432,,
19379,36419,,
19378,36390,,
19366,36413,,
19369,36407,,
19377,36429,,
19367,36419,,
19373,36422,,
19372,36408,,
19376,36420,,
19375,36414,,
19410,36473,,
19418,36478,,
19416,36465,,
19445,36489,,
19437,36493,,
19445,36493,,
19408,36492,,
19428,36485,,
19430,36492,,
19407,36496,,
19441,36493,,
19442,36502,,
19402,36415,,
19387,36436,,
19382,36425,,
19390,36474,,
19401,36462,,
19397,36460,,
19346,36427,,
19370,36414,,
19369,36418,,
19399,36423,,
19385,36434,,
19395,36447,,
19341,36408,,
19356,36397,,
19357,36410,,
19381,36450,,
19390,36447,,
19394,36444,,
19445,36451,,
19434,36496,,
19430,36475,,
19374,36445,,
19377,36424,,
19370,36422,,
19347,36399,,
19347,36396,,
19347,36388,,
19361,36401,,
19364,36415,,
19374,36422,,
19393,36441,,
19388,36434,,
19388,36436,,
19389,36425,,
19377,36429,,
19380,36422,,
19363,36444,,
19381,36432,,
19387,36429,,
19427,36455,,
19410,36464,,
19413,36460,,
19364,36446,,
19385,36434,,
19391,36421,,
19352,36436,,
19361,36410,,
19359,36401,,
19365,36380,,
19359,36411,,
19354,36404,,
19352,36422,,
19365,36405,,
19361,36414,,
19368,36437,,
19375,36424,,
19373,36420,,
19380,36416,,
19383,36435,,
19385,36434,,
19402,36446,,
19394,36445,,
19391,36440,,
19405,36438,,
19391,36446,,
19388,36447,,
19402,36426,,
19372,36418,,
19366,36410,,
19388,36411,,
19368,36416,,
19370,36412,,
19358,36439,,
19385,36436,,
19389,36433,,
19402,36407,,
19387,36432,,
19381,36431,,
19391,36407,,
19380,36419,,
19378,36426,,
19367,36440,,
19379,36431,,
19375,36424,,
19389,36412,,
19379,36427,,
19378,36427,,
19374,36418,,
19384,36431,,
19376,36422,,
19428,36465,,
19403,36455,,
19399,36465,,
19383,36472,,
19407,36459,,
19402,36455,,
19362,36442,,
19381,36443,,
19384,36435,,
19415,36422,,
19406,36452,,
19401,36459,,
19401,36483,,
19420,36466,,
19414,36476,,
19371,36446,,
19382,36439,,
19385,36442,,
19385,36434,,
19381,36426,,
19374,36426,,
19385,36414,,
19376,36431,,
19374,36424,,
19388,36375,,
19371,36414,,
19373,36422,,
19344,36429,,
19366,36411,,
19364,36408,,
19405,36441,,
19385,36444,,
19392,36442,,
19421,36470,,
19408,36468,,
19405,36466,,
19375,36449,,
19384,36430,,
19385,36434,,
19384,36397,,
19384,36433,,
19388,36436,,
19390,36477,,
19417,36465,,
19422,36469,,
19393,36466,,
19414,36471,,
19416,36476,,
19419,36480,,
19418,36468,,
19412,36466,,
19369,36437,,
19367,36414,,
19368,36415,,
19380,36402,,
19378,36424,,
19379,36432,,
19354,36439,,
19375,36418,,
19380,36428,,
19356,36433,,
19381,36426,,
19377,36424,,
19383,36423,,
19368,36417,,
19368,36415,,
19379,36394,,
19373,36423,,
19376,36420,,
19393,36416,,
19385,36441,,
19385,36440,,
19384,36471,,
19410,36458,,
19400,36458,,
19395,36419,,
19379,36429,,
19382,36431,,
19392,36429,,
19379,36428,,
19370,36429,,
19369,36429,,
19367,36420,,
19370,36407,,
19369,36388,,
19373,36414,,
19358,36403,,
19351,36420,,
19368,36416,,
19366,36421,,
19354,36424,,
19381,36424,,
19375,36425,,
19387,36435,,
19382,36424,,
19382,36430,,
19376,36448,,
19383,36434,,
19383,36422,,
19412,36414,,
19392,36445,,
19391,36439,,
19380,36454,,
19389,36445,,
19397,36444,,
19365,36434,,
19377,36417,,
19375,36417,,
19399,36428,,
19385,36440,,
19392,36433,,
19375,36431,,
19383,36438,,
19389,36430,,
19369,36423,,
19384,36421,,
19378,36420,,
19391,36447,,
19395,36438,,
19391,36443,,
19412,36430,,
19399,36454,,
19396,36472,,
19420,36436,,
19398,36455,,
19403,36447,,
19396,36409,,
19387,36429,,
19375,36426,,
19371,36448,,
19378,36426,,
19377,36423,,
19343,36412,,
19360,36405,,
19364,36413,,
19408,36430,,
19397,36441,,
19395,36443,,
19361,36435,,
19384,36427,,
19384,36428,,
19343,36409,,
19367,36411,,
19373,36422,,
19390,36420,,
19389,36431,,
19383,36431,,
19384,36404,,
19385,36423,,
19386,36424,,
19385,36404,,
19383,36428,,
19386,36424,,
19229,36196,,
19265,36290,,
19318,36352,,
19777,36850,,
19786,36907,,
19787,36899,,
19614,36727,,
19619,36710,,
19599,36687,,
19501,36559,,
19468,36539,,
19453,36511,,
19413,36463,,
19404,36453,,
19381,36426,,
19347,36375,,
19337,36377,,
19319,36358,,
19303,36362,,
19312,36352,,
19318,36358,,
19336,36354,,
19332,36362,,
19343,36387,,
19364,36375,,
19354,36390,,
19360,36399,,
19390,36400,,
19373,36421,,
19379,36426,,
19382,36391,,
19364,36421,,
19366,36408,,
19349,36410,,
19362,36393,,
19361,36400,,
19379,36389,,
19365,36418,,
19375,36413,,
19378,36415,,
19386,36431,,
19382,36426,,
19358,36448,,
19377,36430,,
19376,36426,,
19378,36401,,
19365,36405,,
19367,36408,,
19335,36409,,
19356,36403,,
19351,36400,,
19363,36453,,
19386,36431,,
19382,36434,,
19393,36411,,
19389,36436,,
19381,36432,,
19369,36434,,
19374,36415,,
19373,36425,,
19354,36393,,
19338,36386,,
19354,36389,,
19363,36408,,
19367,36415,,
19362,36409,,
19345,36385,,
19340,36385,,
19342,36382,,
19408,36427,,
19397,36451,,
19394,36454,,
19414,36446,,
19388,36440,,
19399,36453,,
19337,36425,,
19365,36411,,
19368,36410,,
19366,36383,,
19352,36396,,
19350,36388,,
19321,36384,,
19344,36384,,
19350,36392,,
19925,37064,,
19914,37063,,
19901,37044,,
19711,36837,,
19708,36806,,
19697,36801,,
19490,36581,,
19485,36555,,
19457,36530,,
19434,36539,,
19438,36508,,
19414,36472,,
19360,36440,,
19369,36411,,
19354,36399,,
19360,36359,,
19345,36378,,
19333,36377,,
19334,36409,,
19350,36396,,
19356,36396,,
19381,36444,,
19383,36435,,
19385,36435,,
19404,36415,,
19390,36440,,
19388,36436,,
19397,36412,,
19390,36434,,
19391,36431,,
19363,36400,,
19374,36423,,
19368,36418,,
19385,36427,,
19380,36429,,
19385,36434,,
19378,36432,,
19381,36434,,
19387,36434,,
19404,36434,,
19380,36435,,
19386,36424,,
19385,36422,,
19373,36428,,
19375,36413,,
19388,36406,,
19370,36413,,
19366,36416,,
19393,36408,,
19376,36420,,
19374,36423,,
19386,36387,,
19363,36398,,
19366,36417,,
19365,36398,,
19366,36416,,
19371,36422,,
19348,36428,,
19368,36415,,
19372,36412,,
19394,36397,,
19375,36421,,
19368,36423,,
19379,36426,,
19384,36429,,
19379,36427,,
19351,36417,,
19365,36402,,
19360,36408,,
19419,36444,,
19429,36483,,
19444,36497,,
19321,36347,,
19325,36366,,
19336,36380,,
19408,36488,,
19445,36504,,
19458,36517,,
19432,36507,,
19437,36499,,
19447,36506,,
19436,36486,,
19431,36493,,
19426,36476,,
19410,36421,,
19388,36441,,
19389,36431,,
19350,36424,,
19350,36395,,
19341,36389,,
19394,36443,,
19393,36438,,
19390,36437,,
19387,36478,,
19413,36468,,
19409,36466,,
19388,36459,,
19402,36450,,
19405,36457,,
19407,36451,,
19395,36449,,
19396,36451,,
19375,36385,,
19360,36400,,
19358,36404,,
19366,36441,,
19375,36429,,
19378,36430,,
19390,36446,,
19378,36441,,
19385,36441,,
19409,36416,,
19391,36439,,
19400,36455,,
19408,36468,,
19409,36448,,
19398,36454,,
19386,36472,,
19409,36461,,
19406,36456,,
19413,36483,,
19420,36471,,
19413,36453,,
19324,36364,,
19337,36367,,
19336,36370,,
19418,36429,,
19419,36467,,
19410,36467,,
19393,36434,,
19381,36432,,
19376,36422,,
19334,36406,,
19361,36405,,
19366,36404,,
19388,36396,,
19380,36427,,
19377,36431,,
19337,36405,,
19360,36407,,
19363,36408,,
19383,36462,,
19397,36453,,
19392,36441,,
19358,36419,,
19374,36417,,
19364,36417,,
19372,36379,,
19363,36403,,
19359,36404,,
19380,36418,,
19376,36413,,
19373,36417,,
19359,36439,,
19378,36420,,
19375,36426,,
19376,36409,,
19366,36402,,
19357,36404,,
19350,36431,,
19367,36411,,
19368,36415,,
19374,36413,,
19379,36428,,
19375,36424,,
19360,36369,,
19349,36391,,
19347,36396,,
19390,36444,,
19386,36430,,
19391,36436,,
19335,36419,,
19360,36402,,
19353,36397,,
19373,36420,,
19388,36439,,
19391,36440,,
19360,36430,,
19388,36439,,
19397,36446,,
19408,36466,,
19404,36459,,
19404,36450,,
19396,36406,,
19364,36413,,
19354,36395,,
19388,36409,,
19402,36456,,
19419,36471,,
19419,36511,,
19436,36493,,
19423,36483,,
19399,36458,,
19397,36451,,
19394,36444,,
19332,36406,,
19347,36383,,
19334,36375,,
19345,36357,,
19332,36373,,
19331,36375,,
19369,36391,,
19369,36410,,
19375,36419,,
19406,36416,,
19401,36444,,
19407,36454,,
19362,36414,,
19390,36433,,
19397,36449,,
19359,36425,,
19373,36423,,
19375,36425,,
19353,36401,,
19376,36416,,
19377,36426,,
19365,36436,,
19380,36434,,
19383,36426,,
19378,36445,,
19398,36444,,
19392,36440,,
19372,36435,,
19368,36414,,
19367,36416,,
19337,36388,,
19351,36394,,
19352,36396,,
19339,36405,,
19350,36400,,
19364,36404,,
19376,36403,,
19369,36422,,
19368,36424,,
19355,36416,,
19369,36407,,
19368,36417,,
19368,36445,,
19380,36426,,
19382,36434,,
19412,36435,,
19395,36445,,
19399,36446,,
19395,36474,,
19405,36457,,
19404,36454,,
19378,36440,,
19395,36443,,
19390,36448,,
19434,36447,,
19419,36472,,
19413,36466,,
19387,36438,,
19373,36424,,
19373,36425,,
19367,36447,,
19380,36428,,
19381,36423,,
19378,36441,,
19392,36441,,
19393,36441,,
19412,36419,,
19397,36445,,
19392,36451,,
19375,36416,,
19373,36421,,
19361,36412,,
19397,36383,,
19375,36427,,
19378,36424,,
19355,36425,,
19379,36424,,
19372,36420,,
19363,36431,,
19371,36417,,
19367,36423,,
19389,36426,,
19379,36431,,
19374,36422,,
19379,36397,,
19335,36382,,
19294,36328,,
19450,36503,,
19406,36468,,
19378,36428,,
19372,36373,,
19338,36379,,
19325,36373,,
19303,36318,,
19287,36319,,
19293,36325,,
19291,36358,,
19320,36365,,
19334,36375,,
19374,36445,,
19392,36442,,
19401,36449,,
19409,36450,,
19401,36452,,
19403,36456,,
19404,36421,,
19392,36440,,
19391,36435,,
19416,36463,,
19403,36454,,
19399,36453,,
19353,36429,,
19372,36417,,
19373,36420,,
19350,36424,,
19371,36418,,
19367,36414,,
19362,36424,,
19374,36416,,
19377,36427,,
19384,36432,,
19368,36419,,
19371,36420,,
19390,36393,,
19370,36412,,
19379,36422,,
19380,36432,,
19374,36416,,
19380,36438,,
19369,36451,,
19387,36439,,
19390,36449,,
19386,36414,,
19390,36431,,
19382,36435,,
19376,36401,,
19359,36419,,
19369,36414,,
19355,36437,,
19373,36418,,
19378,36418,,
19389,36434,,
19395,36444,,
19395,36447,,
19366,36448,,
19389,36445,,
19396,36444,,
19392,36406,,
19375,36417,,
19368,36420,,
19348,36393,,
19364,36407,,
19363,36408,,
19352,36433,,
19379,36435,,
19380,36440,,
19370,36444,,
19378,36429,,
19380,36426,,
19366,36424,,
19376,36430,,
19376,36426,,
19409,36412,,
19385,36436,,
19382,36437,,
19380,36415,,
19384,36427,,
19380,36422,,
19349,36433,,
19371,36422,,
19370,36419,,
19401,36483,,
19421,36462,,
19418,36473,,
19440,36500,,
19438,36497,,
19430,36491,,
19381,36460,,
19386,36439,,
19387,36442,,
19366,36409,,
19383,36431,,
19389,36438,,
19408,36491,,
19414,36472,,
19409,36457,,
19370,36412,,
19359,36400,,
19358,36400,,
19364,36376,,
19350,36391,,
19359,36402,,
19382,36401,,
19373,36424,,
19378,36422,,
19400,36434,,
19386,36437,,
19386,36443,,
19384,36398,,
19371,36424,,
19366,36420,,
19374,36407,,
19373,36426,,
19375,36424,,
19386,36397,,
19366,36413,,
19366,36414,,
19379,36454,,
19384,36442,,
19392,36435,,
19400,36458,,
19397,36454,,
19404,36452,,
19431,36452,,
19410,36462,,
19413,36460,,
19403,36486,,
19407,36463,,
19401,36462,,
19386,36426,,
19386,36439,,
19381,36438,,
19398,36401,,
19384,36429,,
19373,36425,,
19352,36369,,
19341,36380,,
19342,36374,,
19367,36393,,
19346,36389,,
19348,36384,,
19330,36396,,
19345,36383,,
19348,36390,,
19354,36400,,
19347,36397,,
19357,36396,,
19417,36427,,
19394,36450,,
19399,36446,,
19408,36446,,
19401,36457,,
19398,36445,,
19409,36434,,
19390,36448,,
19389,36436,,
19355,36420,,
19358,36395,,
19359,36398,,
19351,36403,,
19359,36408,,
19360,36400,,
19360,36433,,
19370,36426,,
19374,36424,,
19376,36391,,
19358,36405,,
19359,36408,,
19378,36395,,
19366,36408,,
19359,36407,,
19401,36428,,
19394,36448,,
19392,36447,,
19362,36429,,
19382,36429,,
19379,36422,,
19372,36442,,
19378,36425,,
19378,36424,,
19352,36392,,
19361,36404,,
19370,36416,,
19369,36456,,
19392,36445,,
19395,36446,,
19377,36439,,
19383,36423,,
19385,36445,,
19402,36450,,
19399,36452,,
19395,36448,,
19379,36384,,
19372,36411,,
19371,36423,,
19390,36419,,
19391,36444,,
19389,36434,,
19411,36445,,
19405,36458,,
19406,36457,,
19362,36435,,
19382,36424,,
19386,36435,,
19385,36428,,
19393,36434,,
19378,36426,,
19329,36409,,
19357,36402,,
19352,36392,,
19328,36392,,
19344,36382,,
19359,36395,,
19360,36381,,
19353,36395,,
19364,36398,,
19362,36443,,
19393,36439,,
19393,36448,,
19373,36405,,
19369,36414,,
19371,36415,,
19411,36434,,
19386,36438,,
19390,36427,,
19378,36388,,
19366,36406,,
19361,36411,,
19356,36406,,
19362,36414,,
19364,36408,,
19357,36421,,
19376,36421,,
19370,36422,,
19418,36417,,
19396,36449,,
19393,36443,,
19382,36411,,
19383,36424,,
19379,36421,,
19398,36451,,
19413,36461,,
19407,36465,,
19412,36438,,
19396,36438,,
19393,36449,,
19378,36400,,
19361,36397,,
19365,36398,,
19389,36397,,
19370,36419,,
19362,36410,,
19343,36415,,
19355,36402,,
19352,36400,,
19379,36397,,
19381,36437,,
19385,36426,,
19388,36430,,
19378,36430,,
19383,36437,,
19392,36423,,
19379,36421,,
19385,36428,,
19388,36408,,
19371,36415,,
19370,36424,,
19364,36431,,
19379,36428,,
19380,36431,,
19386,36388,,
19369,36418,,
19372,36419,,
19381,36398,,
19374,36420,,
19375,36428,,
19360,36392,,
19355,36399,,
19366,36406,,
19394,36430,,
19378,36426,,
19388,36445,,
19366,36413,,
19379,36419,,
19382,36433,,
19381,36438,,
19392,36445,,
19406,36457,,
19389,36436,,
19398,36452,,
19392,36444,,
19023,36021,,
18966,35965,,
18918,35903,,
19358,36424,,
19232,36262,,
19100,36118,,
19553,36639,,
19459,36519,,
19357,36403,,
19391,36438,,
19309,36354,,
19239,36268,,
19250,36315,,
19230,36266,,
19201,36220,,
19241,36233,,
19208,36232,,
19200,36221,,
19248,36266,,
19259,36286,,
19268,36298,,
19327,36327,,
19338,36381,,
19353,36398,,
19366,36445,,
19385,36445,,
19396,36449,,
19358,36445,,
19389,36425,,
19380,36423,,
19382,36408,,
19363,36414,,
19364,36408,,
19357,36392,,
19357,36407,,
19365,36397,,
19378,36398,,
19373,36416,,
19376,36422,,
19361,36438,,
19371,36426,,
19360,36409,,
19365,36388,,
19359,36403,,
19356,36398,,
19344,36393,,
19359,36405,,
19363,36405,,
19383,36420,,
19371,36420,,
19374,36423,,
19374,36424,,
19376,36433,,
19381,36433,,
19379,36399,,
19357,36405,,
19352,36397,,
19313,36380,,
19324,36370,,
19323,36361,,
19323,36404,,
19347,36391,,
19344,36388,,
19355,36367,,
19350,36397,,
19360,36404,,
19376,36437,,
19384,36433,,
19403,36458,,
19402,36479,,
19426,36482,,
19434,36492,,
19384,36408,,
19381,36434,,
19380,36429,,
19393,36437,,
19393,36430,,
19379,36440,,
19404,36443,,
19393,36444,,
19391,36444,,
19319,36371,,
19332,36369,,
19339,36382,,
19415,36439,,
19413,36466,,
19413,36468,,
19369,36441,,
19394,36441,,
19393,36446,,
19393,36417,,
19385,36438,,
19383,36423,,
19382,36398,,
19372,36422,,
19372,36419,,
19367,36425,,
19371,36414,,
19375,36421,,
19364,36407,,
19366,36422,,
19369,36419,,
19357,36421,,
19363,36411,,
19369,36421,,
19365,36439,,
19377,36429,,
19372,36422,,
19373,36389,,
19351,36397,,
19350,36393,,
19362,36374,,
19342,36378,,
19326,36368,,
